,tipo_delito,medio_utilizado,rango_edad_victima,genero_victima,region,hora_incidente,antivirus_activo,doble_factor,denuncia_formal
tipo_delito,0.0,0.857143,0.872832,0.807407,0.834171,0.865169,0.82963,0.82963,0.844444
medio_utilizado,0.857143,0.0,0.900794,0.861111,0.84127,0.873016,0.904762,0.896825,0.900794
rango_edad_victima,0.872832,0.900794,0.0,0.867052,0.829146,0.803371,0.867052,0.843931,0.83815
genero_victima,0.807407,0.861111,0.867052,0.0,0.854271,0.842697,0.808696,0.808696,0.826087
region,0.834171,0.84127,0.829146,0.854271,0.0,0.79397,0.854271,0.844221,0.839196
hora_incidente,0.865169,0.873016,0.803371,0.842697,0.79397,0.0,0.842697,0.837079,0.814607
antivirus_activo,0.82963,0.904762,0.867052,0.808696,0.854271,0.842697,0.0,0.592593,0.582418
doble_factor,0.82963,0.896825,0.843931,0.808696,0.844221,0.837079,0.592593,0.0,0.593407
denuncia_formal,0.844444,0.900794,0.83815,0.826087,0.839196,0.814607,0.582418,0.593407,0.0
